GROUP,PACKAGE,CLASS,INSTRUCTION_MISSED,INSTRUCTION_COVERED,BRANCH_MISSED,BRANCH_COVERED,LINE_MISSED,LINE_COVERED,COMPLEXITY_MISSED,COMPLEXITY_COVERED,METHOD_MISSED,METHOD_COVERED
com.irurueta:irurueta-navigation,com.irurueta.navigation.inertial,NEDVelocity,0,304,2,12,0,80,2,36,0,31
com.irurueta:irurueta-navigation,com.irurueta.navigation.inertial,BodyKinematics,8,714,7,25,6,183,7,71,0,62
com.irurueta:irurueta-navigation,com.irurueta.navigation.inertial,ECEFGravity,0,49,0,6,0,19,0,9,0,6
com.irurueta:irurueta-navigation,com.irurueta.navigation.inertial,RadiiOfCurvature,0,202,1,11,0,60,1,28,0,23
com.irurueta:irurueta-navigation,com.irurueta.navigation.inertial,ECIGravitation,0,49,0,6,0,19,0,9,0,6
com.irurueta:irurueta-navigation,com.irurueta.navigation.inertial,NEDPosition,0,268,2,12,0,75,2,33,0,28
com.irurueta:irurueta-navigation,com.irurueta.navigation.inertial,ECEFPosition,4,403,3,17,3,104,3,46,0,39
com.irurueta:irurueta-navigation,com.irurueta.navigation.inertial,ECEFVelocity,4,371,3,17,3,97,3,43,0,36
com.irurueta:irurueta-navigation,com.irurueta.navigation.inertial,InertialException,0,16,0,0,0,8,0,4,0,4
com.irurueta:irurueta-navigation,com.irurueta.navigation.inertial,GravityOrGravitation,4,347,3,11,3,89,3,37,0,33
com.irurueta:irurueta-navigation,com.irurueta.navigation.inertial,NEDGravity,8,319,4,14,3,91,3,40,0,34
com.irurueta:irurueta-navigation,com.irurueta.navigation.geodesic,GeodesicLine,26,1219,24,70,2,185,23,51,0,27
com.irurueta:irurueta-navigation,com.irurueta.navigation.geodesic,Geodesic.InverseData,0,20,0,0,0,4,0,1,0,1
com.irurueta:irurueta-navigation,com.irurueta.navigation.geodesic,GeoMath,5,413,2,50,0,86,2,43,0,17
com.irurueta:irurueta-navigation,com.irurueta.navigation.geodesic,PolygonArea,122,704,30,92,13,125,24,50,0,13
com.irurueta:irurueta-navigation,com.irurueta.navigation.geodesic,Geodesic.LengthsV,0,18,0,0,0,3,0,1,0,1
com.irurueta:irurueta-navigation,com.irurueta.navigation.geodesic,GeodesicData,0,123,0,0,0,39,0,25,0,25
com.irurueta:irurueta-navigation,com.irurueta.navigation.geodesic,Geodesic.Lambda12V,0,36,0,0,0,3,0,1,0,1
com.irurueta:irurueta-navigation,com.irurueta.navigation.geodesic,GnomonicData,0,110,0,0,0,37,0,18,0,18
com.irurueta:irurueta-navigation,com.irurueta.navigation.geodesic,Pair,0,23,0,0,0,10,0,5,0,5
com.irurueta:irurueta-navigation,com.irurueta.navigation.geodesic,Constants,0,3,0,0,0,2,0,1,0,1
com.irurueta:irurueta-navigation,com.irurueta.navigation.geodesic,Accumulator,0,92,0,2,0,28,0,8,0,7
com.irurueta:irurueta-navigation,com.irurueta.navigation.geodesic,Geodesic,147,4071,35,217,24,559,32,133,0,39
com.irurueta:irurueta-navigation,com.irurueta.navigation.geodesic,Geodesic.InverseStartV,0,21,0,0,0,3,0,1,0,1
com.irurueta:irurueta-navigation,com.irurueta.navigation.geodesic,Gnomonic,20,195,7,9,2,43,7,7,0,6
com.irurueta:irurueta-navigation,com.irurueta.navigation.geodesic,PolygonResult,0,33,0,0,0,14,0,7,0,7
com.irurueta:irurueta-navigation,com.irurueta.navigation.geodesic,GeodesicMask,0,3,0,0,0,1,0,1,0,1
com.irurueta:irurueta-navigation,com.irurueta.navigation.geodesic,GeodesicException,0,16,0,0,0,8,0,4,0,4
com.irurueta:irurueta-navigation,com.irurueta.navigation.indoor.fingerprint,FingerprintPositionAndRadioSourceEstimator,0,44,0,2,0,13,0,7,0,6
com.irurueta:irurueta-navigation,com.irurueta.navigation.indoor.fingerprint,NonLinearFingerprintPositionEstimator.new LevenbergMarquardtMultiDimensionFunctionEvaluator() {...},1,104,1,11,1,19,1,9,0,4
com.irurueta:irurueta-navigation,com.irurueta.navigation.indoor.fingerprint,FirstOrderNonLinearFingerprintPositionEstimator2D,7,165,2,2,4,40,2,9,0,9
com.irurueta:irurueta-navigation,com.irurueta.navigation.indoor.fingerprint,NonLinearFingerprintPositionAndRadioSourceEstimator.new LevenbergMarquardtMultiDimensionFunctionEvaluator() {...},0,271,0,14,0,50,0,11,0,4
com.irurueta:irurueta-navigation,com.irurueta.navigation.indoor.fingerprint,FirstOrderNonLinearFingerprintPositionEstimator3D,7,209,2,2,4,48,2,9,0,9
com.irurueta:irurueta-navigation,com.irurueta.navigation.indoor.fingerprint,FingerprintPositionEstimator,0,127,2,14,0,36,2,20,0,14
com.irurueta:irurueta-navigation,com.irurueta.navigation.indoor.fingerprint,NonLinearFingerprintPositionEstimatorType,0,34,0,0,0,4,0,1,0,1
com.irurueta:irurueta-navigation,com.irurueta.navigation.indoor.fingerprint,NonLinearFingerprintPositionAndRadioSourceEstimator,71,1382,32,126,12,317,30,83,0,34
com.irurueta:irurueta-navigation,com.irurueta.navigation.indoor.fingerprint,FingerprintEstimationException,0,16,0,0,0,8,0,4,0,4
com.irurueta:irurueta-navigation,com.irurueta.navigation.indoor.fingerprint,SecondOrderNonLinearFingerprintPositionEstimator3D,7,376,2,2,4,58,2,9,0,9
com.irurueta:irurueta-navigation,com.irurueta.navigation.indoor.fingerprint,BaseFingerprintPositionAndRadioSourceEstimator,0,227,3,31,0,68,3,39,0,25
com.irurueta:irurueta-navigation,com.irurueta.navigation.indoor.fingerprint,NonLinearFingerprintPositionEstimator2D,0,239,0,20,0,47,0,33,0,20
com.irurueta:irurueta-navigation,com.irurueta.navigation.indoor.fingerprint,BaseFingerprintPositionEstimator,0,230,3,27,0,71,3,35,0,23
com.irurueta:irurueta-navigation,com.irurueta.navigation.indoor.fingerprint,SecondOrderNonLinearFingerprintPositionEstimator2D,7,248,2,2,4,46,2,9,0,9
com.irurueta:irurueta-navigation,com.irurueta.navigation.indoor.fingerprint,NonLinearFingerprintPositionEstimator,63,784,26,64,11,182,23,46,0,24
com.irurueta:irurueta-navigation,com.irurueta.navigation.indoor.fingerprint,NonLinearFingerprintPositionAndRadioSourceEstimator2D,7,88,2,2,4,26,2,13,0,13
com.irurueta:irurueta-navigation,com.irurueta.navigation.indoor.fingerprint,NonLinearFingerprintPositionEstimator3D,0,239,0,20,0,47,0,33,0,20
com.irurueta:irurueta-navigation,com.irurueta.navigation.indoor.fingerprint,NonLinearFingerprintPositionAndRadioSourceEstimator3D,7,88,2,2,4,26,2,13,0,13
com.irurueta:irurueta-navigation,com.irurueta.navigation.indoor.fingerprint,LinearFingerprintPositionEstimator2D,0,36,0,2,0,13,0,7,0,6
com.irurueta:irurueta-navigation,com.irurueta.navigation.indoor.fingerprint,LinearFingerprintPositionEstimator3D,0,36,0,2,0,13,0,7,0,6
com.irurueta:irurueta-navigation,com.irurueta.navigation.indoor.fingerprint,ThirdOrderNonLinearFingerprintPositionEstimator3D,7,809,2,2,4,72,2,9,0,9
com.irurueta:irurueta-navigation,com.irurueta.navigation.indoor.fingerprint,ThirdOrderNonLinearFingerprintPositionEstimator2D,7,414,2,2,4,53,2,9,0,9
com.irurueta:irurueta-navigation,com.irurueta.navigation.indoor.fingerprint,LinearFingerprintPositionEstimator,16,332,8,36,4,88,8,19,0,5
com.irurueta:irurueta-navigation,com.irurueta.navigation.inertial.navigators,InertialNavigatorException,0,16,0,0,0,8,0,4,0,4
com.irurueta:irurueta-navigation,com.irurueta.navigation.inertial.navigators,NEDInertialNavigator,11,5375,0,6,7,829,0,323,0,320
com.irurueta:irurueta-navigation,com.irurueta.navigation.inertial.navigators,ECIInertialNavigator,14,2714,2,4,8,430,2,160,0,159
com.irurueta:irurueta-navigation,com.irurueta.navigation.inertial.navigators,ECEFInertialNavigator,11,5737,0,6,7,905,0,346,0,343
com.irurueta:irurueta-navigation,com.irurueta.navigation.indoor.radiosource,PROMedSRobustRangingRadioSourceEstimator3D,12,272,2,18,4,77,2,32,0,24
com.irurueta:irurueta-navigation,com.irurueta.navigation.indoor.radiosource,RobustRangingAndRssiRadioSourceEstimator3D,37,2575,5,235,14,459,5,282,0,107
com.irurueta:irurueta-navigation,com.irurueta.navigation.indoor.radiosource,RobustRangingAndRssiRadioSourceEstimator2D,37,2575,5,235,14,459,5,282,0,107
com.irurueta:irurueta-navigation,com.irurueta.navigation.indoor.radiosource,RobustRangingAndRssiRadioSourceEstimator.Solution,0,21,0,0,0,8,0,4,0,4
com.irurueta:irurueta-navigation,com.irurueta.navigation.indoor.radiosource,MSACRobustRssiRadioSourceEstimator3D.new MSACRobustEstimatorListener() {...},0,89,0,8,0,20,0,15,0,11
com.irurueta:irurueta-navigation,com.irurueta.navigation.indoor.radiosource,RobustRangingRadioSourceEstimator2D,18,941,5,103,7,185,5,104,0,31
com.irurueta:irurueta-navigation,com.irurueta.navigation.indoor.radiosource,PROMedSRobustRssiRadioSourceEstimator2D,16,522,2,18,5,137,2,56,0,48
com.irurueta:irurueta-navigation,com.irurueta.navigation.indoor.radiosource,PROMedSRobustRssiRadioSourceEstimator3D,16,522,2,18,5,137,2,56,0,48
com.irurueta:irurueta-navigation,com.irurueta.navigation.indoor.radiosource,MSACRobustRssiRadioSourceEstimator2D.new MSACRobustEstimatorListener() {...},0,89,0,8,0,20,0,15,0,11
com.irurueta:irurueta-navigation,com.irurueta.navigation.indoor.radiosource,RobustRangingRadioSourceEstimator3D,18,941,5,103,7,185,5,104,0,31
com.irurueta:irurueta-navigation,com.irurueta.navigation.indoor.radiosource,PROSACRobustRangingAndRssiRadioSourceEstimator3D.new PROSACRobustEstimatorListener() {...},0,93,1,7,0,21,1,15,0,12
com.irurueta:irurueta-navigation,com.irurueta.navigation.indoor.radiosource,RANSACRobustRangingRadioSourceEstimator3D.new RANSACRobustEstimatorListener() {...},0,89,0,8,0,20,0,15,0,11
com.irurueta:irurueta-navigation,com.irurueta.navigation.indoor.radiosource,PROMedSRobustRangingRadioSourceEstimator2D,12,272,2,18,4,77,2,32,0,24
com.irurueta:irurueta-navigation,com.irurueta.navigation.indoor.radiosource,PROMedSRobustRangingAndRssiRadioSourceEstimator3D.new PROMedSRobustEstimatorListener() {...},17,76,2,6,4,17,3,13,2,10
com.irurueta:irurueta-navigation,com.irurueta.navigation.indoor.radiosource,RobustRssiRadioSourceEstimator,11,557,6,30,3,123,6,53,0,41
com.irurueta:irurueta-navigation,com.irurueta.navigation.indoor.radiosource,PROSACRobustRangingRadioSourceEstimator2D.new PROSACRobustEstimatorListener() {...},0,93,0,8,0,21,0,16,0,12
com.irurueta:irurueta-navigation,com.irurueta.navigation.indoor.radiosource,PROSACRobustRangingAndRssiRadioSourceEstimator3D,16,809,2,30,5,150,2,66,0,52
com.irurueta:irurueta-navigation,com.irurueta.navigation.indoor.radiosource,RobustRssiRadioSourceEstimator2D,37,2567,5,237,14,459,5,281,0,105
com.irurueta:irurueta-navigation,com.irurueta.navigation.indoor.radiosource,RANSACRobustRssiRadioSourceEstimator2D.new RANSACRobustEstimatorListener() {...},0,89,0,8,0,20,0,15,0,11
com.irurueta:irurueta-navigation,com.irurueta.navigation.indoor.radiosource,RobustRssiRadioSourceEstimator3D,37,2567,5,237,14,459,5,281,0,105
com.irurueta:irurueta-navigation,com.irurueta.navigation.indoor.radiosource,PROSACRobustRangingAndRssiRadioSourceEstimator2D,16,809,2,30,5,150,2,66,0,52
com.irurueta:irurueta-navigation,com.irurueta.navigation.indoor.radiosource,RANSACRobustRangingRadioSourceEstimator2D,12,237,0,20,4,54,0,26,0,16
com.irurueta:irurueta-navigation,com.irurueta.navigation.indoor.radiosource,MSACRobustRssiRadioSourceEstimator3D,12,247,0,8,4,64,0,28,0,24
com.irurueta:irurueta-navigation,com.irurueta.navigation.indoor.radiosource,RANSACRobustRssiRadioSourceEstimator3D.new RANSACRobustEstimatorListener() {...},0,89,0,8,0,20,0,15,0,11
com.irurueta:irurueta-navigation,com.irurueta.navigation.indoor.radiosource,PROMedSRobustRangingAndRssiRadioSourceEstimator2D.new PROMedSRobustEstimatorListener() {...},17,76,2,6,4,17,3,13,2,10
com.irurueta:irurueta-navigation,com.irurueta.navigation.indoor.radiosource,RobustRadioSourceEstimator,0,262,0,34,0,76,0,47,0,30
com.irurueta:irurueta-navigation,com.irurueta.navigation.indoor.radiosource,RANSACRobustRangingRadioSourceEstimator3D,12,237,0,20,4,54,0,26,0,16
com.irurueta:irurueta-navigation,com.irurueta.navigation.indoor.radiosource,MSACRobustRssiRadioSourceEstimator2D,12,247,0,8,4,64,0,28,0,24
com.irurueta:irurueta-navigation,com.irurueta.navigation.indoor.radiosource,RANSACRobustRangingRadioSourceEstimator2D.new RANSACRobustEstimatorListener() {...},0,89,0,8,0,20,0,15,0,11
com.irurueta:irurueta-navigation,com.irurueta.navigation.indoor.radiosource,RANSACRobustRangingAndRssiRadioSourceEstimator3D.new RANSACRobustEstimatorListener() {...},0,89,0,8,0,20,0,15,0,11
com.irurueta:irurueta-navigation,com.irurueta.navigation.indoor.radiosource,MSACRobustRangingRadioSourceEstimator2D.new MSACRobustEstimatorListener() {...},0,89,0,8,0,20,0,15,0,11
com.irurueta:irurueta-navigation,com.irurueta.navigation.indoor.radiosource,RangingRadioSourceEstimator,7,430,7,51,4,111,7,42,0,20
com.irurueta:irurueta-navigation,com.irurueta.navigation.indoor.radiosource,MixedRadioSourceEstimator,16,1120,9,95,6,248,9,94,0,51
com.irurueta:irurueta-navigation,com.irurueta.navigation.indoor.radiosource,RobustRangingRadioSourceEstimator.Solution,0,9,0,0,0,4,0,2,0,2
com.irurueta:irurueta-navigation,com.irurueta.navigation.indoor.radiosource,MSACRobustRangingAndRssiRadioSourceEstimator2D.new MSACRobustEstimatorListener() {...},0,89,0,8,0,20,0,15,0,11
com.irurueta:irurueta-navigation,com.irurueta.navigation.indoor.radiosource,SequentialRobustRangingAndRssiRadioSourceEstimator,13,1534,6,130,4,408,6,170,0,108
com.irurueta:irurueta-navigation,com.irurueta.navigation.indoor.radiosource,PROSACRobustRssiRadioSourceEstimator3D.new PROSACRobustEstimatorListener() {...},0,93,1,7,0,21,1,15,0,12
com.irurueta:irurueta-navigation,com.irurueta.navigation.indoor.radiosource,LMedSRobustRangingRadioSourceEstimator2D.new LMedSRobustEstimatorListener() {...},0,85,0,8,0,19,0,14,0,10
com.irurueta:irurueta-navigation,com.irurueta.navigation.indoor.radiosource,PROMedSRobustRangingAndRssiRadioSourceEstimator2D,16,522,2,18,5,137,2,56,0,48
com.irurueta:irurueta-navigation,com.irurueta.navigation.indoor.radiosource,SequentialRobustMixedRadioSourceEstimator.new RobustRangingRadioSourceEstimatorListener() {...},14,9,2,0,3,4,2,4,1,4
com.irurueta:irurueta-navigation,com.irurueta.navigation.indoor.radiosource,SequentialRobustMixedRadioSourceEstimator.new RobustRssiRadioSourceEstimatorListener() {...},16,9,2,0,3,4,2,4,1,4
com.irurueta:irurueta-navigation,com.irurueta.navigation.indoor.radiosource,RssiRadioSourceEstimator3D,2,247,2,20,1,83,2,33,0,24
com.irurueta:irurueta-navigation,com.irurueta.navigation.indoor.radiosource,PROMedSRobustRangingAndRssiRadioSourceEstimator3D,16,522,2,18,5,137,2,56,0,48
com.irurueta:irurueta-navigation,com.irurueta.navigation.indoor.radiosource,LMedSRobustRssiRadioSourceEstimator3D.new LMedSRobustEstimatorListener() {...},0,85,0,8,0,19,0,14,0,10
com.irurueta:irurueta-navigation,com.irurueta.navigation.indoor.radiosource,PROSACRobustRangingRadioSourceEstimator2D,12,415,2,30,4,90,2,42,0,28
com.irurueta:irurueta-navigation,com.irurueta.navigation.indoor.radiosource,SequentialRobustRangingAndRssiRadioSourceEstimator3D,118,708,34,24,35,177,26,54,0,47
com.irurueta:irurueta-navigation,com.irurueta.navigation.indoor.radiosource,RANSACRobustRangingAndRssiRadioSourceEstimator2D.new RANSACRobustEstimatorListener() {...},0,89,0,8,0,20,0,15,0,11
com.irurueta:irurueta-navigation,com.irurueta.navigation.indoor.radiosource,RssiRadioSourceEstimator2D,2,247,2,20,1,83,2,33,0,24
com.irurueta:irurueta-navigation,com.irurueta.navigation.indoor.radiosource,MSACRobustRangingAndRssiRadioSourceEstimator3D.new MSACRobustEstimatorListener() {...},0,89,0,8,0,20,0,15,0,11
com.irurueta:irurueta-navigation,com.irurueta.navigation.indoor.radiosource,RobustRangingAndRssiRadioSourceEstimator,15,538,5,21,4,122,5,49,0,41
com.irurueta:irurueta-navigation,com.irurueta.navigation.indoor.radiosource,LMedSRobustRangingRadioSourceEstimator3D,12,139,0,8,4,40,0,16,0,12
com.irurueta:irurueta-navigation,com.irurueta.navigation.indoor.radiosource,MSACRobustRangingAndRssiRadioSourceEstimator2D,12,247,0,8,4,64,0,28,0,24
com.irurueta:irurueta-navigation,com.irurueta.navigation.indoor.radiosource,PROSACRobustRangingRadioSourceEstimator3D,12,415,2,30,4,90,2,42,0,28
com.irurueta:irurueta-navigation,com.irurueta.navigation.indoor.radiosource,LMedSRobustRangingRadioSourceEstimator2D,12,139,0,8,4,40,0,16,0,12
com.irurueta:irurueta-navigation,com.irurueta.navigation.indoor.radiosource,LMedSRobustRangingRadioSourceEstimator3D.new LMedSRobustEstimatorListener() {...},0,85,0,8,0,19,0,14,0,10
com.irurueta:irurueta-navigation,com.irurueta.navigation.indoor.radiosource,RangingRadioSourceEstimator2D,2,258,2,44,1,71,2,37,0,16
com.irurueta:irurueta-navigation,com.irurueta.navigation.indoor.radiosource,LMedSRobustRangingAndRssiRadioSourceEstimator3D,12,247,0,8,4,64,0,28,0,24
com.irurueta:irurueta-navigation,com.irurueta.navigation.indoor.radiosource,RadioSourceEstimationException,0,16,0,0,0,8,0,4,0,4
com.irurueta:irurueta-navigation,com.irurueta.navigation.indoor.radiosource,RangingRadioSourceEstimator3D,2,258,2,44,1,71,2,37,0,16
com.irurueta:irurueta-navigation,com.irurueta.navigation.indoor.radiosource,MSACRobustRangingAndRssiRadioSourceEstimator3D,12,247,0,8,4,64,0,28,0,24
com.irurueta:irurueta-navigation,com.irurueta.navigation.indoor.radiosource,LMedSRobustRangingAndRssiRadioSourceEstimator2D,12,247,0,8,4,64,0,28,0,24
com.irurueta:irurueta-navigation,com.irurueta.navigation.indoor.radiosource,SequentialRobustRangingAndRssiRadioSourceEstimator2D,118,708,34,24,35,177,26,54,0,47
com.irurueta:irurueta-navigation,com.irurueta.navigation.indoor.radiosource,LMedSRobustRangingAndRssiRadioSourceEstimator2D.new LMedSRobustEstimatorListener() {...},0,85,1,7,0,19,1,13,0,10
com.irurueta:irurueta-navigation,com.irurueta.navigation.indoor.radiosource,LMedSRobustRssiRadioSourceEstimator2D.new LMedSRobustEstimatorListener() {...},0,85,0,8,0,19,0,14,0,10
com.irurueta:irurueta-navigation,com.irurueta.navigation.indoor.radiosource,PROSACRobustRssiRadioSourceEstimator2D,16,809,2,30,5,150,2,66,0,52
com.irurueta:irurueta-navigation,com.irurueta.navigation.indoor.radiosource,PROSACRobustRssiRadioSourceEstimator3D,16,809,2,30,5,150,2,66,0,52
com.irurueta:irurueta-navigation,com.irurueta.navigation.indoor.radiosource,MSACRobustRangingRadioSourceEstimator3D.new MSACRobustEstimatorListener() {...},0,89,0,8,0,20,0,15,0,11
com.irurueta:irurueta-navigation,com.irurueta.navigation.indoor.radiosource,PROSACRobustRssiRadioSourceEstimator2D.new PROSACRobustEstimatorListener() {...},0,93,1,7,0,21,1,15,0,12
com.irurueta:irurueta-navigation,com.irurueta.navigation.indoor.radiosource,LMedSRobustRssiRadioSourceEstimator2D,12,247,0,8,4,64,0,28,0,24
com.irurueta:irurueta-navigation,com.irurueta.navigation.indoor.radiosource,LMedSRobustRangingAndRssiRadioSourceEstimator3D.new LMedSRobustEstimatorListener() {...},0,85,0,8,0,19,0,14,0,10
com.irurueta:irurueta-navigation,com.irurueta.navigation.indoor.radiosource,PROMedSRobustRangingRadioSourceEstimator3D.new PROMedSRobustEstimatorListener() {...},17,76,2,6,4,17,3,13,2,10
com.irurueta:irurueta-navigation,com.irurueta.navigation.indoor.radiosource,MSACRobustRangingRadioSourceEstimator3D,12,139,0,8,4,40,0,16,0,12
com.irurueta:irurueta-navigation,com.irurueta.navigation.indoor.radiosource,RangingAndRssiRadioSourceEstimator,15,948,5,59,5,211,5,74,0,47
com.irurueta:irurueta-navigation,com.irurueta.navigation.indoor.radiosource,RANSACRobustRangingAndRssiRadioSourceEstimator2D,12,417,0,20,4,78,0,38,0,28
com.irurueta:irurueta-navigation,com.irurueta.navigation.indoor.radiosource,PROSACRobustRangingRadioSourceEstimator3D.new PROSACRobustEstimatorListener() {...},0,93,0,8,0,21,0,16,0,12
com.irurueta:irurueta-navigation,com.irurueta.navigation.indoor.radiosource,RadioSourceEstimator,0,105,1,13,0,33,1,21,0,15
com.irurueta:irurueta-navigation,com.irurueta.navigation.indoor.radiosource,PROMedSRobustRssiRadioSourceEstimator2D.new PROMedSRobustEstimatorListener() {...},17,76,2,6,4,17,3,13,2,10
com.irurueta:irurueta-navigation,com.irurueta.navigation.indoor.radiosource,PROMedSRobustRangingRadioSourceEstimator2D.new PROMedSRobustEstimatorListener() {...},17,76,2,6,4,17,3,13,2,10
com.irurueta:irurueta-navigation,com.irurueta.navigation.indoor.radiosource,RobustRangingRadioSourceEstimator,4,119,1,3,1,36,1,15,0,14
com.irurueta:irurueta-navigation,com.irurueta.navigation.indoor.radiosource,LMedSRobustRssiRadioSourceEstimator3D,12,247,0,8,4,64,0,28,0,24
com.irurueta:irurueta-navigation,com.irurueta.navigation.indoor.radiosource,SequentialRobustMixedRadioSourceEstimator,15,1822,13,187,4,470,13,199,0,112
com.irurueta:irurueta-navigation,com.irurueta.navigation.indoor.radiosource,RssiRadioSourceEstimator.new LevenbergMarquardtMultiDimensionFunctionEvaluator() {...},0,128,1,5,0,19,1,6,0,4
com.irurueta:irurueta-navigation,com.irurueta.navigation.indoor.radiosource,RssiRadioSourceEstimator.new LevenbergMarquardtMultiDimensionFunctionEvaluator() {...},0,79,0,0,0,13,0,4,0,4
com.irurueta:irurueta-navigation,com.irurueta.navigation.indoor.radiosource,MixedRadioSourceEstimator2D,4,281,3,27,2,83,3,35,0,23
com.irurueta:irurueta-navigation,com.irurueta.navigation.indoor.radiosource,RssiRadioSourceEstimator.new LevenbergMarquardtMultiDimensionFunctionEvaluator() {...},0,67,0,0,0,10,0,4,0,4
com.irurueta:irurueta-navigation,com.irurueta.navigation.indoor.radiosource,RssiRadioSourceEstimator.new LevenbergMarquardtMultiDimensionFunctionEvaluator() {...},0,121,0,6,0,19,0,7,0,4
com.irurueta:irurueta-navigation,com.irurueta.navigation.indoor.radiosource,RssiRadioSourceEstimator,7,1757,12,136,7,359,12,113,0,51
com.irurueta:irurueta-navigation,com.irurueta.navigation.indoor.radiosource,RssiRadioSourceEstimator.new LevenbergMarquardtMultiDimensionFunctionEvaluator() {...},0,146,1,5,0,22,1,6,0,4
com.irurueta:irurueta-navigation,com.irurueta.navigation.indoor.radiosource,RobustRssiRadioSourceEstimator.Solution,0,21,0,0,0,8,0,4,0,4
com.irurueta:irurueta-navigation,com.irurueta.navigation.indoor.radiosource,SequentialRobustRangingAndRssiRadioSourceEstimator.new RobustRangingRadioSourceEstimatorListener() {...},14,9,2,0,3,4,2,4,1,4
com.irurueta:irurueta-navigation,com.irurueta.navigation.indoor.radiosource,RssiRadioSourceEstimator.new LevenbergMarquardtMultiDimensionFunctionEvaluator() {...},0,103,1,5,0,16,1,6,0,4
com.irurueta:irurueta-navigation,com.irurueta.navigation.indoor.radiosource,RssiRadioSourceEstimator.new LevenbergMarquardtMultiDimensionFunctionEvaluator() {...},0,58,0,0,0,10,0,4,0,4
com.irurueta:irurueta-navigation,com.irurueta.navigation.indoor.radiosource,SequentialRobustRangingAndRssiRadioSourceEstimator.new RobustRssiRadioSourceEstimatorListener() {...},16,9,2,0,3,4,2,4,1,4
com.irurueta:irurueta-navigation,com.irurueta.navigation.indoor.radiosource,RangingAndRssiRadioSourceEstimator2D,2,243,2,20,1,73,2,32,0,23
com.irurueta:irurueta-navigation,com.irurueta.navigation.indoor.radiosource,MixedRadioSourceEstimator3D,4,281,3,27,2,83,3,35,0,23
com.irurueta:irurueta-navigation,com.irurueta.navigation.indoor.radiosource,PROMedSRobustRssiRadioSourceEstimator3D.new PROMedSRobustEstimatorListener() {...},17,76,2,6,4,17,3,13,2,10
com.irurueta:irurueta-navigation,com.irurueta.navigation.indoor.radiosource,SequentialRobustMixedRadioSourceEstimator3D,8,712,7,27,4,173,7,55,0,45
com.irurueta:irurueta-navigation,com.irurueta.navigation.indoor.radiosource,RangingAndRssiRadioSourceEstimator3D,2,243,2,20,1,73,2,32,0,23
com.irurueta:irurueta-navigation,com.irurueta.navigation.indoor.radiosource,PROSACRobustRangingAndRssiRadioSourceEstimator2D.new PROSACRobustEstimatorListener() {...},0,93,0,8,0,21,0,16,0,12
com.irurueta:irurueta-navigation,com.irurueta.navigation.indoor.radiosource,SequentialRobustMixedRadioSourceEstimator2D,8,712,7,27,4,173,7,55,0,45
com.irurueta:irurueta-navigation,com.irurueta.navigation.indoor.radiosource,RANSACRobustRssiRadioSourceEstimator2D,12,417,0,20,4,78,0,38,0,28
com.irurueta:irurueta-navigation,com.irurueta.navigation.indoor.radiosource,MSACRobustRangingRadioSourceEstimator2D,12,141,0,8,4,41,0,16,0,12
com.irurueta:irurueta-navigation,com.irurueta.navigation.indoor.radiosource,RANSACRobustRangingAndRssiRadioSourceEstimator3D,12,417,0,20,4,78,0,38,0,28
com.irurueta:irurueta-navigation,com.irurueta.navigation.indoor.radiosource,RANSACRobustRssiRadioSourceEstimator3D,12,417,0,20,4,78,0,38,0,28
com.irurueta:irurueta-navigation,com.irurueta.navigation.frames.converters,ECEFtoNEDPositionVelocityConverter,1,241,0,0,1,48,0,5,0,5
com.irurueta:irurueta-navigation,com.irurueta.navigation.frames.converters,ECEFtoECIFrameConverter,1,182,0,0,1,45,0,11,0,11
com.irurueta:irurueta-navigation,com.irurueta.navigation.frames.converters,ECItoECEFFrameConverter,1,182,0,0,1,45,0,11,0,11
com.irurueta:irurueta-navigation,com.irurueta.navigation.frames.converters,NEDtoECEFFrameConverter,1,176,0,0,1,49,0,7,0,7
com.irurueta:irurueta-navigation,com.irurueta.navigation.frames.converters,ECEFtoNEDFrameConverter,1,286,0,0,1,65,0,7,0,7
com.irurueta:irurueta-navigation,com.irurueta.navigation.frames.converters,NEDtoECEFPositionVelocityConverter,1,145,0,0,1,35,0,5,0,5
com.irurueta:irurueta-navigation,com.irurueta.navigation.utils,LocationUtils,17,386,10,56,1,87,8,34,0,9
com.irurueta:irurueta-navigation,com.irurueta.navigation.utils,LocationUtils.BearingDistance,0,51,0,0,0,15,0,10,0,10
com.irurueta:irurueta-navigation,com.irurueta.navigation.indoor,RssiReadingLocated3D,0,31,0,0,0,10,0,5,0,5
com.irurueta:irurueta-navigation,com.irurueta.navigation.indoor,RangingFingerprint,0,7,0,0,0,3,0,2,0,2
com.irurueta:irurueta-navigation,com.irurueta.navigation.indoor,RangingAndRssiFingerprintLocated,0,47,1,7,0,17,1,8,0,5
com.irurueta:irurueta-navigation,com.irurueta.navigation.indoor,Beacon,0,209,2,30,0,53,2,34,0,20
com.irurueta:irurueta-navigation,com.irurueta.navigation.indoor,RangingAndRssiReadingLocated2D,0,79,0,0,0,18,0,9,0,9
com.irurueta:irurueta-navigation,com.irurueta.navigation.indoor,RssiReadingLocated2D,0,31,0,0,0,10,0,5,0,5
com.irurueta:irurueta-navigation,com.irurueta.navigation.indoor,RssiFingerprintLocated3D,0,14,0,0,0,6,0,3,0,3
com.irurueta:irurueta-navigation,com.irurueta.navigation.indoor,ReadingType,0,34,0,0,0,4,0,1,0,1
com.irurueta:irurueta-navigation,com.irurueta.navigation.indoor,AltBeaconUtils,0,101,0,0,0,18,0,17,0,17
com.irurueta:irurueta-navigation,com.irurueta.navigation.indoor,Fingerprint,0,38,0,4,0,12,0,6,0,4
com.irurueta:irurueta-navigation,com.irurueta.navigation.indoor,WeightedKNearestNeighboursPositionSolver3D,0,34,0,2,0,14,0,7,0,6
com.irurueta:irurueta-navigation,com.irurueta.navigation.indoor,RangingAndRssiFingerprint,0,7,0,0,0,4,0,2,0,2
com.irurueta:irurueta-navigation,com.irurueta.navigation.indoor,WeightedKNearestNeighboursPositionSolver2D,0,34,0,2,0,14,0,7,0,6
com.irurueta:irurueta-navigation,com.irurueta.navigation.indoor,RadioSourceNoMeanKNearestFinder,0,198,1,33,0,52,1,24,0,8
com.irurueta:irurueta-navigation,com.irurueta.navigation.indoor,RssiFingerprint,2,219,2,30,1,55,2,21,0,7
com.irurueta:irurueta-navigation,com.irurueta.navigation.indoor,RssiFingerprintLocated2D,0,14,0,0,0,6,0,3,0,3
com.irurueta:irurueta-navigation,com.irurueta.navigation.indoor,RangingAndRssiReadingLocated3D,0,79,0,0,0,18,0,9,0,9
com.irurueta:irurueta-navigation,com.irurueta.navigation.indoor,Utils.new MultivariateNormalDist.JacobianEvaluator() {...},1,23,0,0,1,6,0,3,0,3
com.irurueta:irurueta-navigation,com.irurueta.navigation.indoor,Utils.new MultiVariateFunctionEvaluatorListener() {...},0,276,0,0,0,26,0,3,0,3
com.irurueta:irurueta-navigation,com.irurueta.navigation.indoor,Utils.new MultivariateNormalDist.JacobianEvaluator() {...},1,23,0,0,1,6,0,3,0,3
com.irurueta:irurueta-navigation,com.irurueta.navigation.indoor,Utils.new MultiVariateFunctionEvaluatorListener() {...},0,591,0,0,0,53,0,3,0,3
com.irurueta:irurueta-navigation,com.irurueta.navigation.indoor,Utils.new MultivariateNormalDist.JacobianEvaluator() {...},0,353,0,0,0,42,0,3,0,3
com.irurueta:irurueta-navigation,com.irurueta.navigation.indoor,Utils.new MultivariateNormalDist.JacobianEvaluator() {...},0,253,0,0,0,32,0,3,0,3
com.irurueta:irurueta-navigation,com.irurueta.navigation.indoor,Utils.new MultivariateNormalDist.JacobianEvaluator() {...},0,1874,0,0,0,47,0,3,0,3
com.irurueta:irurueta-navigation,com.irurueta.navigation.indoor,Utils.new MultivariateNormalDist.JacobianEvaluator() {...},0,678,0,0,0,39,0,3,0,3
com.irurueta:irurueta-navigation,com.irurueta.navigation.indoor,RangingReadingLocated,0,197,2,34,0,62,2,27,0,11
com.irurueta:irurueta-navigation,com.irurueta.navigation.indoor,Utils.new MultivariateNormalDist.JacobianEvaluator() {...},0,153,0,0,0,18,0,3,0,3
com.irurueta:irurueta-navigation,com.irurueta.navigation.indoor,WifiAccessPointLocated2D,0,31,0,0,0,10,0,5,0,5
com.irurueta:irurueta-navigation,com.irurueta.navigation.indoor,Reading,0,30,1,5,0,8,1,6,0,4
com.irurueta:irurueta-navigation,com.irurueta.navigation.indoor,WifiAccessPointLocated3D,0,31,0,0,0,10,0,5,0,5
com.irurueta:irurueta-navigation,com.irurueta.navigation.indoor,RssiFingerprintLocated,0,47,2,6,0,17,2,7,0,5
com.irurueta:irurueta-navigation,com.irurueta.navigation.indoor,WifiAccessPointWithPower,0,157,0,16,0,42,0,22,0,14
com.irurueta:irurueta-navigation,com.irurueta.navigation.indoor,RangingAndRssiFingerprintLocated2D,0,14,0,0,0,6,0,3,0,3
com.irurueta:irurueta-navigation,com.irurueta.navigation.indoor,RangingReading,0,104,0,14,0,31,0,17,0,10
com.irurueta:irurueta-navigation,com.irurueta.navigation.indoor,RangingAndRssiFingerprintLocated3D,0,14,0,0,0,6,0,3,0,3
com.irurueta:irurueta-navigation,com.irurueta.navigation.indoor,RangingFingerprintLocated,0,47,1,7,0,17,1,8,0,5
com.irurueta:irurueta-navigation,com.irurueta.navigation.indoor,BeaconLocated,0,193,4,28,0,56,4,23,0,11
com.irurueta:irurueta-navigation,com.irurueta.navigation.indoor,WifiAccessPointLocated,0,91,2,14,0,30,2,13,0,7
com.irurueta:irurueta-navigation,com.irurueta.navigation.indoor,RangingReadingLocated2D,0,67,0,0,0,18,0,9,0,9
com.irurueta:irurueta-navigation,com.irurueta.navigation.indoor,RangingReadingLocated3D,0,67,0,0,0,18,0,9,0,9
com.irurueta:irurueta-navigation,com.irurueta.navigation.indoor,IndoorException,0,16,0,0,0,8,0,4,0,4
com.irurueta:irurueta-navigation,com.irurueta.navigation.indoor,WifiAccessPoint,0,72,0,10,0,25,0,14,0,9
com.irurueta:irurueta-navigation,com.irurueta.navigation.indoor,BeaconWithPowerAndLocated3D,0,407,0,0,0,74,0,37,0,37
com.irurueta:irurueta-navigation,com.irurueta.navigation.indoor,RadioSourceKNearestFinder,0,198,1,33,0,52,1,24,0,8
com.irurueta:irurueta-navigation,com.irurueta.navigation.indoor,RangingAndRssiReadingLocated,0,193,6,26,0,56,6,21,0,11
com.irurueta:irurueta-navigation,com.irurueta.navigation.indoor,RssiReading,0,37,0,4,0,13,0,8,0,6
com.irurueta:irurueta-navigation,com.irurueta.navigation.indoor,BeaconWithPowerAndLocated,12,869,29,115,3,217,29,82,0,39
com.irurueta:irurueta-navigation,com.irurueta.navigation.indoor,RangingFingerprintLocated2D,0,14,0,0,0,6,0,3,0,3
com.irurueta:irurueta-navigation,com.irurueta.navigation.indoor,BeaconWithPowerAndLocated2D,0,407,0,0,0,74,0,37,0,37
com.irurueta:irurueta-navigation,com.irurueta.navigation.indoor,WeightedKNearestNeighboursPositionSolver,0,321,4,46,0,78,4,38,0,17
com.irurueta:irurueta-navigation,com.irurueta.navigation.indoor,RangingFingerprintLocated3D,0,14,0,0,0,6,0,3,0,3
com.irurueta:irurueta-navigation,com.irurueta.navigation.indoor,WifiAccessPointWithPowerAndLocated2D,0,172,0,0,0,38,0,19,0,19
com.irurueta:irurueta-navigation,com.irurueta.navigation.indoor,WifiAccessPointWithPowerAndLocated3D,0,172,0,0,0,38,0,19,0,19
com.irurueta:irurueta-navigation,com.irurueta.navigation.indoor,RadioSourceType,0,24,0,0,0,3,0,1,0,1
com.irurueta:irurueta-navigation,com.irurueta.navigation.indoor,BeaconLocated3D,0,79,0,0,0,18,0,9,0,9
com.irurueta:irurueta-navigation,com.irurueta.navigation.indoor,BeaconLocated2D,0,79,0,0,0,18,0,9,0,9
com.irurueta:irurueta-navigation,com.irurueta.navigation.indoor,RssiReadingLocated,0,91,2,14,0,30,2,13,0,7
com.irurueta:irurueta-navigation,com.irurueta.navigation.indoor,WifiAccessPointWithPowerAndLocated,0,412,9,63,0,112,9,48,0,21
com.irurueta:irurueta-navigation,com.irurueta.navigation.indoor,BeaconIdentifier,1,721,3,91,0,128,3,65,0,21
com.irurueta:irurueta-navigation,com.irurueta.navigation.indoor,BeaconWithPower,0,416,2,54,0,91,2,48,0,22
com.irurueta:irurueta-navigation,com.irurueta.navigation.indoor,Utils.new MultivariateNormalDist.JacobianEvaluator() {...},0,167,0,0,0,32,0,3,0,3
com.irurueta:irurueta-navigation,com.irurueta.navigation.indoor,Utils.new MultivariateNormalDist.JacobianEvaluator() {...},0,226,0,0,0,42,0,3,0,3
com.irurueta:irurueta-navigation,com.irurueta.navigation.indoor,RangingAndRssiReading,0,120,0,14,0,33,0,19,0,12
com.irurueta:irurueta-navigation,com.irurueta.navigation.indoor,Utils,90,1587,56,178,24,225,53,76,0,12
com.irurueta:irurueta-navigation,com.irurueta.navigation.indoor.position,LMedSRobustMixedPositionEstimator3D,0,89,0,0,0,40,0,12,0,12
com.irurueta:irurueta-navigation,com.irurueta.navigation.indoor.position,SequentialRobustMixedPositionEstimator3D,0,318,2,14,0,80,2,32,0,22
com.irurueta:irurueta-navigation,com.irurueta.navigation.indoor.position,RobustRangingPositionEstimator2D,6,728,3,85,2,137,3,101,0,36
com.irurueta:irurueta-navigation,com.irurueta.navigation.indoor.position,LinearRangingAndRssiPositionEstimator3D,6,138,0,4,2,50,0,13,0,11
com.irurueta:irurueta-navigation,com.irurueta.navigation.indoor.position,RssiPositionEstimator,0,7,0,0,0,4,0,2,0,2
com.irurueta:irurueta-navigation,com.irurueta.navigation.indoor.position,SequentialRobustMixedPositionEstimator2D,0,318,2,14,0,80,2,32,0,22
com.irurueta:irurueta-navigation,com.irurueta.navigation.indoor.position,RobustRangingPositionEstimator3D,6,728,3,85,2,137,3,101,0,36
com.irurueta:irurueta-navigation,com.irurueta.navigation.indoor.position,NonLinearRangingPositionEstimator3D,6,214,0,4,2,82,0,21,0,19
com.irurueta:irurueta-navigation,com.irurueta.navigation.indoor.position,SequentialRobustRangingAndRssiPositionEstimator.new RobustRangingPositionEstimatorListener() {...},16,9,2,0,3,4,2,4,1,4
com.irurueta:irurueta-navigation,com.irurueta.navigation.indoor.position,SequentialRobustRangingAndRssiPositionEstimator.new RobustRssiPositionEstimatorListener() {...},14,9,2,0,3,4,2,4,1,4
com.irurueta:irurueta-navigation,com.irurueta.navigation.indoor.position,PROSACRobustRssiPositionEstimator2D,4,253,1,11,2,102,1,35,0,30
com.irurueta:irurueta-navigation,com.irurueta.navigation.indoor.position,LinearMixedPositionEstimator,13,186,10,30,4,53,9,25,0,14
com.irurueta:irurueta-navigation,com.irurueta.navigation.indoor.position,NonLinearMixedPositionEstimator2D,6,214,0,4,2,82,0,21,0,19
com.irurueta:irurueta-navigation,com.irurueta.navigation.indoor.position,PositionEstimatorHelper,17,660,24,94,5,178,23,52,0,14
com.irurueta:irurueta-navigation,com.irurueta.navigation.indoor.position,MSACRobustRangingAndRssiPositionEstimator3D,0,89,0,0,0,40,0,12,0,12
com.irurueta:irurueta-navigation,com.irurueta.navigation.indoor.position,PROSACRobustRssiPositionEstimator3D,4,253,1,11,2,102,1,35,0,30
com.irurueta:irurueta-navigation,com.irurueta.navigation.indoor.position,NonLinearMixedPositionEstimator3D,6,214,0,4,2,82,0,21,0,19
com.irurueta:irurueta-navigation,com.irurueta.navigation.indoor.position,LinearRangingAndRssiPositionEstimator2D,6,138,0,4,2,50,0,13,0,11
com.irurueta:irurueta-navigation,com.irurueta.navigation.indoor.position,MSACRobustRangingAndRssiPositionEstimator2D,0,89,0,0,0,40,0,12,0,12
com.irurueta:irurueta-navigation,com.irurueta.navigation.indoor.position,RobustMixedPositionEstimator.new RobustLaterationSolverListener() {...},0,56,4,4,0,13,4,5,0,5
com.irurueta:irurueta-navigation,com.irurueta.navigation.indoor.position,MSACRobustMixedPositionEstimator3D,0,89,0,0,0,40,0,12,0,12
com.irurueta:irurueta-navigation,com.irurueta.navigation.indoor.position,LinearMixedPositionEstimator2D,6,138,0,4,2,50,0,13,0,11
com.irurueta:irurueta-navigation,com.irurueta.navigation.indoor.position,RobustRssiPositionEstimator3D,6,728,3,85,2,137,3,101,0,36
com.irurueta:irurueta-navigation,com.irurueta.navigation.indoor.position,PROMedSRobustMixedPositionEstimator3D,8,227,2,10,2,92,2,30,0,26
com.irurueta:irurueta-navigation,com.irurueta.navigation.indoor.position,LinearMixedPositionEstimator3D,6,138,0,4,2,50,0,13,0,11
com.irurueta:irurueta-navigation,com.irurueta.navigation.indoor.position,RobustRssiPositionEstimator2D,6,728,3,85,2,137,3,101,0,36
com.irurueta:irurueta-navigation,com.irurueta.navigation.indoor.position,PROMedSRobustRangingAndRssiPositionEstimator2D,8,227,2,10,2,92,2,30,0,26
com.irurueta:irurueta-navigation,com.irurueta.navigation.indoor.position,LinearRssiPositionEstimator.new LaterationSolverListener() {...},0,30,2,2,0,7,2,3,0,3
com.irurueta:irurueta-navigation,com.irurueta.navigation.indoor.position,ReadingSorter.ReadingWithQualityScore,0,3,0,0,0,1,0,1,0,1
com.irurueta:irurueta-navigation,com.irurueta.navigation.indoor.position,PROSACRobustRangingAndRssiPositionEstimator3D,8,249,2,10,2,102,2,34,0,30
com.irurueta:irurueta-navigation,com.irurueta.navigation.indoor.position,ReadingSorter,1,199,1,11,1,54,1,12,0,7
com.irurueta:irurueta-navigation,com.irurueta.navigation.indoor.position,LMedSRobustMixedPositionEstimator2D,0,89,0,0,0,40,0,12,0,12
com.irurueta:irurueta-navigation,com.irurueta.navigation.indoor.position,PROMedSRobustRangingAndRssiPositionEstimator3D,8,227,2,10,2,92,2,30,0,26
com.irurueta:irurueta-navigation,com.irurueta.navigation.indoor.position,MSACRobustMixedPositionEstimator2D,0,89,0,0,0,40,0,12,0,12
com.irurueta:irurueta-navigation,com.irurueta.navigation.indoor.position,PROMedSRobustMixedPositionEstimator2D,8,227,2,10,2,92,2,30,0,26
com.irurueta:irurueta-navigation,com.irurueta.navigation.indoor.position,PROSACRobustRangingAndRssiPositionEstimator2D,8,249,2,10,2,102,2,34,0,30
com.irurueta:irurueta-navigation,com.irurueta.navigation.indoor.position,RANSACRobustRssiPositionEstimator2D,0,111,0,0,0,50,0,16,0,16
com.irurueta:irurueta-navigation,com.irurueta.navigation.indoor.position,PROSACRobustMixedPositionEstimator3D,8,249,2,10,2,102,2,34,0,30
com.irurueta:irurueta-navigation,com.irurueta.navigation.indoor.position,RANSACRobustRssiPositionEstimator3D,0,111,0,0,0,50,0,16,0,16
com.irurueta:irurueta-navigation,com.irurueta.navigation.indoor.position,PROSACRobustMixedPositionEstimator2D,8,249,2,10,2,102,2,34,0,30
com.irurueta:irurueta-navigation,com.irurueta.navigation.indoor.position,MSACRobustRangingPositionEstimator3D,0,89,0,0,0,40,0,12,0,12
com.irurueta:irurueta-navigation,com.irurueta.navigation.indoor.position,LinearRssiPositionEstimator,13,186,10,30,4,53,9,25,0,14
com.irurueta:irurueta-navigation,com.irurueta.navigation.indoor.position,PROMedSRobustRangingPositionEstimator3D,0,235,0,12,0,94,0,32,0,26
com.irurueta:irurueta-navigation,com.irurueta.navigation.indoor.position,LMedSRobustRssiPositionEstimator3D,0,89,0,0,0,40,0,12,0,12
com.irurueta:irurueta-navigation,com.irurueta.navigation.indoor.position,RobustRangingPositionEstimator,0,18,0,0,0,8,0,3,0,3
com.irurueta:irurueta-navigation,com.irurueta.navigation.indoor.position,MSACRobustRangingPositionEstimator2D,0,89,0,0,0,40,0,12,0,12
com.irurueta:irurueta-navigation,com.irurueta.navigation.indoor.position,RobustRangingAndRssiPositionEstimator,0,18,0,0,0,8,0,3,0,3
com.irurueta:irurueta-navigation,com.irurueta.navigation.indoor.position,LinearRangingPositionEstimator.new LaterationSolverListener() {...},0,30,2,2,0,7,2,3,0,3
com.irurueta:irurueta-navigation,com.irurueta.navigation.indoor.position,PROMedSRobustRangingPositionEstimator2D,0,235,0,12,0,94,0,32,0,26
com.irurueta:irurueta-navigation,com.irurueta.navigation.indoor.position,RANSACRobustMixedPositionEstimator3D,0,111,0,0,0,50,0,16,0,16
com.irurueta:irurueta-navigation,com.irurueta.navigation.indoor.position,RangingAndRssiPositionEstimator,0,7,0,0,0,4,0,2,0,2
com.irurueta:irurueta-navigation,com.irurueta.navigation.indoor.position,RANSACRobustMixedPositionEstimator2D,0,111,0,0,0,50,0,16,0,16
com.irurueta:irurueta-navigation,com.irurueta.navigation.indoor.position,RANSACRobustRangingAndRssiPositionEstimator3D,0,111,0,0,0,50,0,16,0,16
com.irurueta:irurueta-navigation,com.irurueta.navigation.indoor.position,ReadingSorter.RadioSourceSourceWithQualityScore,0,3,0,0,0,1,0,1,0,1
com.irurueta:irurueta-navigation,com.irurueta.navigation.indoor.position,PositionEstimator,0,103,1,15,0,34,1,19,0,12
com.irurueta:irurueta-navigation,com.irurueta.navigation.indoor.position,NonLinearRangingAndRssiPositionEstimator.new LaterationSolverListener() {...},0,30,2,2,0,7,2,3,0,3
com.irurueta:irurueta-navigation,com.irurueta.navigation.indoor.position,ReadingSorter.RadioSourceComparator,0,6,0,0,0,1,0,1,0,1
com.irurueta:irurueta-navigation,com.irurueta.navigation.indoor.position,RANSACRobustRangingAndRssiPositionEstimator2D,0,111,0,0,0,50,0,16,0,16
com.irurueta:irurueta-navigation,com.irurueta.navigation.indoor.position,NonLinearRangingPositionEstimator2D,6,214,0,4,2,82,0,21,0,19
com.irurueta:irurueta-navigation,com.irurueta.navigation.indoor.position,RobustRangingPositionEstimator.new RobustLaterationSolverListener() {...},0,56,4,4,0,13,4,5,0,5
com.irurueta:irurueta-navigation,com.irurueta.navigation.indoor.position,RobustRangingAndRssiPositionEstimator3D,6,728,3,85,2,137,3,101,0,36
com.irurueta:irurueta-navigation,com.irurueta.navigation.indoor.position,RobustRangingAndRssiPositionEstimator2D,6,728,3,85,2,137,3,101,0,36
com.irurueta:irurueta-navigation,com.irurueta.navigation.indoor.position,PROMedSRobustRssiPositionEstimator2D,0,235,0,12,0,94,0,32,0,26
com.irurueta:irurueta-navigation,com.irurueta.navigation.indoor.position,PROSACRobustRangingPositionEstimator2D,26,231,1,11,12,92,5,31,4,26
com.irurueta:irurueta-navigation,com.irurueta.navigation.indoor.position,NonLinearRssiPositionEstimator3D,6,214,0,4,2,82,0,21,0,19
com.irurueta:irurueta-navigation,com.irurueta.navigation.indoor.position,NonLinearMixedPositionEstimator,11,188,4,14,4,61,4,27,0,22
com.irurueta:irurueta-navigation,com.irurueta.navigation.indoor.position,NonLinearRangingPositionEstimator.new LaterationSolverListener() {...},0,30,2,2,0,7,2,3,0,3
com.irurueta:irurueta-navigation,com.irurueta.navigation.indoor.position,PROSACRobustRangingPositionEstimator3D,26,231,1,11,12,92,5,31,4,26
com.irurueta:irurueta-navigation,com.irurueta.navigation.indoor.position,PROMedSRobustRssiPositionEstimator3D,0,235,0,12,0,94,0,32,0,26
com.irurueta:irurueta-navigation,com.irurueta.navigation.indoor.position,NonLinearRssiPositionEstimator2D,6,214,0,4,2,82,0,21,0,19
com.irurueta:irurueta-navigation,com.irurueta.navigation.indoor.position,LinearRangingAndRssiPositionEstimator.new LaterationSolverListener() {...},0,30,2,2,0,7,2,3,0,3
com.irurueta:irurueta-navigation,com.irurueta.navigation.indoor.position,MixedPositionEstimator,0,7,0,0,0,4,0,2,0,2
com.irurueta:irurueta-navigation,com.irurueta.navigation.indoor.position,SequentialRobustRangingAndRssiPositionEstimator,31,1460,17,119,8,346,17,146,0,95
com.irurueta:irurueta-navigation,com.irurueta.navigation.indoor.position,NonLinearRangingPositionEstimator,11,188,4,14,4,61,4,27,0,22
com.irurueta:irurueta-navigation,com.irurueta.navigation.indoor.position,NonLinearRssiPositionEstimator,11,188,4,14,4,61,4,27,0,22
com.irurueta:irurueta-navigation,com.irurueta.navigation.indoor.position,MSACRobustRssiPositionEstimator2D,0,89,0,0,0,40,0,12,0,12
com.irurueta:irurueta-navigation,com.irurueta.navigation.indoor.position,LinearMixedPositionEstimator.new LaterationSolverListener() {...},0,30,2,2,0,7,2,3,0,3
com.irurueta:irurueta-navigation,com.irurueta.navigation.indoor.position,SequentialRobustMixedPositionEstimator.new RobustRssiPositionEstimatorListener() {...},22,9,4,0,5,4,3,4,1,4
com.irurueta:irurueta-navigation,com.irurueta.navigation.indoor.position,SequentialRobustMixedPositionEstimator.new RobustRangingPositionEstimatorListener() {...},24,9,4,0,5,4,3,4,1,4
com.irurueta:irurueta-navigation,com.irurueta.navigation.indoor.position,MSACRobustRssiPositionEstimator3D,0,89,0,0,0,40,0,12,0,12
com.irurueta:irurueta-navigation,com.irurueta.navigation.indoor.position,SequentialRobustRangingAndRssiPositionEstimator2D,0,215,0,0,0,53,0,19,0,19
com.irurueta:irurueta-navigation,com.irurueta.navigation.indoor.position,LinearRangingAndRssiPositionEstimator,13,186,10,30,4,53,9,25,0,14
com.irurueta:irurueta-navigation,com.irurueta.navigation.indoor.position,LinearRssiPositionEstimator2D,6,138,0,4,2,50,0,13,0,11
com.irurueta:irurueta-navigation,com.irurueta.navigation.indoor.position,RobustMixedPositionEstimator3D,6,728,3,85,2,137,3,101,0,36
com.irurueta:irurueta-navigation,com.irurueta.navigation.indoor.position,SequentialRobustRangingAndRssiPositionEstimator3D,0,215,0,0,0,53,0,19,0,19
com.irurueta:irurueta-navigation,com.irurueta.navigation.indoor.position,LMedSRobustRssiPositionEstimator2D,0,89,0,0,0,40,0,12,0,12
com.irurueta:irurueta-navigation,com.irurueta.navigation.indoor.position,RangingPositionEstimator,0,7,0,0,0,4,0,2,0,2
com.irurueta:irurueta-navigation,com.irurueta.navigation.indoor.position,LinearRssiPositionEstimator3D,6,138,0,4,2,50,0,13,0,11
com.irurueta:irurueta-navigation,com.irurueta.navigation.indoor.position,RobustRssiPositionEstimator.new RobustLaterationSolverListener() {...},0,56,4,4,0,13,4,5,0,5
com.irurueta:irurueta-navigation,com.irurueta.navigation.indoor.position,LMedSRobustRangingAndRssiPositionEstimator3D,0,89,0,0,0,40,0,12,0,12
com.irurueta:irurueta-navigation,com.irurueta.navigation.indoor.position,RANSACRobustRangingPositionEstimator2D,0,111,0,0,0,50,0,16,0,16
com.irurueta:irurueta-navigation,com.irurueta.navigation.indoor.position,LMedSRobustRangingPositionEstimator3D,0,89,0,0,0,40,0,12,0,12
com.irurueta:irurueta-navigation,com.irurueta.navigation.indoor.position,PositionEstimationException,0,16,0,0,0,8,0,4,0,4
com.irurueta:irurueta-navigation,com.irurueta.navigation.indoor.position,RobustRssiPositionEstimator,0,18,0,0,0,8,0,3,0,3
com.irurueta:irurueta-navigation,com.irurueta.navigation.indoor.position,RANSACRobustRangingPositionEstimator3D,0,111,0,0,0,50,0,16,0,16
com.irurueta:irurueta-navigation,com.irurueta.navigation.indoor.position,LMedSRobustRangingPositionEstimator2D,0,89,0,0,0,40,0,12,0,12
com.irurueta:irurueta-navigation,com.irurueta.navigation.indoor.position,LinearRangingPositionEstimator2D,6,138,0,4,2,50,0,13,0,11
com.irurueta:irurueta-navigation,com.irurueta.navigation.indoor.position,LinearRangingPositionEstimator,13,186,10,30,4,53,9,25,0,14
com.irurueta:irurueta-navigation,com.irurueta.navigation.indoor.position,RobustMixedPositionEstimator2D,6,728,3,85,2,137,3,101,0,36
com.irurueta:irurueta-navigation,com.irurueta.navigation.indoor.position,LinearRangingPositionEstimator3D,6,138,0,4,2,50,0,13,0,11
com.irurueta:irurueta-navigation,com.irurueta.navigation.indoor.position,NonLinearRangingAndRssiPositionEstimator,11,188,4,14,4,61,4,27,0,22
com.irurueta:irurueta-navigation,com.irurueta.navigation.indoor.position,LMedSRobustRangingAndRssiPositionEstimator2D,0,89,0,0,0,40,0,12,0,12
com.irurueta:irurueta-navigation,com.irurueta.navigation.indoor.position,NonLinearMixedPositionEstimator.new LaterationSolverListener() {...},0,30,2,2,0,7,2,3,0,3
com.irurueta:irurueta-navigation,com.irurueta.navigation.indoor.position,ReadingSorter.ReadingComparator,1,35,2,7,1,8,2,5,0,1
com.irurueta:irurueta-navigation,com.irurueta.navigation.indoor.position,RobustPositionEstimator,3,468,7,43,1,150,6,71,0,52
com.irurueta:irurueta-navigation,com.irurueta.navigation.indoor.position,SequentialRobustMixedPositionEstimator,43,1708,17,167,11,408,17,173,0,98
com.irurueta:irurueta-navigation,com.irurueta.navigation.indoor.position,RobustRangingAndRssiPositionEstimator.new RobustLaterationSolverListener() {...},0,56,4,4,0,13,4,5,0,5
com.irurueta:irurueta-navigation,com.irurueta.navigation.indoor.position,NonLinearRangingAndRssiPositionEstimator3D,6,214,0,4,2,82,0,21,0,19
com.irurueta:irurueta-navigation,com.irurueta.navigation.indoor.position,NonLinearRssiPositionEstimator.new LaterationSolverListener() {...},0,30,2,2,0,7,2,3,0,3
com.irurueta:irurueta-navigation,com.irurueta.navigation.indoor.position,NonLinearRangingAndRssiPositionEstimator2D,6,214,0,4,2,82,0,21,0,19
com.irurueta:irurueta-navigation,com.irurueta.navigation.indoor.position,RobustMixedPositionEstimator,0,18,0,0,0,8,0,3,0,3
com.irurueta:irurueta-navigation,com.irurueta.navigation,Accuracy2D,0,45,0,0,0,15,0,6,0,6
com.irurueta:irurueta-navigation,com.irurueta.navigation,Accuracy3D,0,58,0,0,0,17,0,8,0,8
com.irurueta:irurueta-navigation,com.irurueta.navigation,LockedException,0,16,0,0,0,8,0,4,0,4
com.irurueta:irurueta-navigation,com.irurueta.navigation,BuildInfo,12,113,2,4,4,30,2,11,0,10
com.irurueta:irurueta-navigation,com.irurueta.navigation,NavigationException,0,16,0,0,0,8,0,4,0,4
com.irurueta:irurueta-navigation,com.irurueta.navigation,Accuracy,0,76,0,0,0,20,0,15,0,15
com.irurueta:irurueta-navigation,com.irurueta.navigation,NotReadyException,0,16,0,0,0,8,0,4,0,4
com.irurueta:irurueta-navigation,com.irurueta.navigation.gnss,GNSSConfig,0,1502,16,42,0,360,16,123,0,110
com.irurueta:irurueta-navigation,com.irurueta.navigation.gnss,SatelliteECEFPositionAndVelocityGenerator,3,210,0,2,1,41,1,5,1,4
com.irurueta:irurueta-navigation,com.irurueta.navigation.gnss,GNSSEstimation,4,1022,9,27,3,254,9,88,0,79
com.irurueta:irurueta-navigation,com.irurueta.navigation.gnss,GNSSLeastSquaresPositionAndVelocityEstimator,30,1265,6,36,14,306,6,40,0,25
com.irurueta:irurueta-navigation,com.irurueta.navigation.gnss,GNSSKalmanEpochEstimator,11,682,4,18,3,137,5,8,1,1
com.irurueta:irurueta-navigation,com.irurueta.navigation.gnss,GNSSKalmanConfig,0,580,8,18,0,150,8,54,0,49
com.irurueta:irurueta-navigation,com.irurueta.navigation.gnss,GNSSException,0,16,0,0,0,8,0,4,0,4
com.irurueta:irurueta-navigation,com.irurueta.navigation.gnss,GNSSMeasurementsGenerator,15,819,5,7,7,151,6,24,1,23
com.irurueta:irurueta-navigation,com.irurueta.navigation.gnss,ECEFPositionAndVelocity,0,696,5,15,0,189,5,75,0,70
com.irurueta:irurueta-navigation,com.irurueta.navigation.gnss,GNSSBiasesGenerator,3,229,0,2,1,42,1,6,1,5
com.irurueta:irurueta-navigation,com.irurueta.navigation.gnss,GNSSMeasurement,0,825,7,17,0,206,7,77,0,72
com.irurueta:irurueta-navigation,com.irurueta.navigation.lateration,HomogeneousLinearLeastSquaresLateration3DSolver,0,144,0,14,0,41,0,19,0,12
com.irurueta:irurueta-navigation,com.irurueta.navigation.lateration,RobustLateration2DSolver,3,1343,1,148,1,278,1,161,0,59
com.irurueta:irurueta-navigation,com.irurueta.navigation.lateration,PROMedSRobustLateration3DSolver,12,322,1,19,4,85,1,37,0,28
com.irurueta:irurueta-navigation,com.irurueta.navigation.lateration,MSACRobustLateration3DSolver,12,162,0,8,4,43,0,18,0,14
com.irurueta:irurueta-navigation,com.irurueta.navigation.lateration,RobustLateration3DSolver,3,1343,1,148,1,278,1,161,0,59
com.irurueta:irurueta-navigation,com.irurueta.navigation.lateration,InhomogeneousLinearLeastSquaresLateration2DSolver,0,144,0,14,0,41,0,19,0,12
com.irurueta:irurueta-navigation,com.irurueta.navigation.lateration,NonLinearLeastSquaresLaterationSolver,1,347,0,24,1,93,0,36,0,24
com.irurueta:irurueta-navigation,com.irurueta.navigation.lateration,MSACRobustLateration3DSolver.new MSACRobustEstimatorListener() {...},0,91,4,4,0,20,4,11,0,11
com.irurueta:irurueta-navigation,com.irurueta.navigation.lateration,PROSACRobustLateration2DSolver.new PROSACRobustEstimatorListener() {...},0,95,4,4,0,21,4,12,0,12
com.irurueta:irurueta-navigation,com.irurueta.navigation.lateration,HomogeneousLinearLeastSquaresLateration2DSolver,0,144,0,14,0,41,0,19,0,12
com.irurueta:irurueta-navigation,com.irurueta.navigation.lateration,MSACRobustLateration2DSolver.new MSACRobustEstimatorListener() {...},0,91,4,4,0,20,4,11,0,11
com.irurueta:irurueta-navigation,com.irurueta.navigation.lateration,RANSACRobustLateration2DSolver.new RANSACRobustEstimatorListener() {...},0,91,4,4,0,20,4,11,0,11
com.irurueta:irurueta-navigation,com.irurueta.navigation.lateration,HomogeneousLinearLeastSquaresLaterationSolver,6,223,0,18,2,52,0,15,0,6
com.irurueta:irurueta-navigation,com.irurueta.navigation.lateration,LMedSRobustLateration2DSolver.new LMedSRobustEstimatorListener() {...},0,87,4,4,0,19,4,10,0,10
com.irurueta:irurueta-navigation,com.irurueta.navigation.lateration,LaterationException,0,16,0,0,0,8,0,4,0,4
com.irurueta:irurueta-navigation,com.irurueta.navigation.lateration,PROMedSRobustLateration3DSolver.new PROMedSRobustEstimatorListener() {...},16,79,5,3,4,17,6,10,2,10
com.irurueta:irurueta-navigation,com.irurueta.navigation.lateration,PROSACRobustLateration2DSolver,12,489,1,31,4,98,1,47,0,32
com.irurueta:irurueta-navigation,com.irurueta.navigation.lateration,LMedSRobustLateration3DSolver,12,162,0,8,4,43,0,18,0,14
com.irurueta:irurueta-navigation,com.irurueta.navigation.lateration,LaterationSolverType,0,34,0,0,0,4,0,1,0,1
com.irurueta:irurueta-navigation,com.irurueta.navigation.lateration,PROSACRobustLateration3DSolver.new PROSACRobustEstimatorListener() {...},0,95,4,4,0,21,4,12,0,12
com.irurueta:irurueta-navigation,com.irurueta.navigation.lateration,NonLinearLeastSquaresLateration2DSolver,0,315,0,26,0,93,0,41,0,28
com.irurueta:irurueta-navigation,com.irurueta.navigation.lateration,PROMedSRobustLateration2DSolver.new PROMedSRobustEstimatorListener() {...},16,79,5,3,4,17,6,10,2,10
com.irurueta:irurueta-navigation,com.irurueta.navigation.lateration,InhomogeneousLinearLeastSquaresLaterationSolver,0,188,0,16,0,41,0,14,0,6
com.irurueta:irurueta-navigation,com.irurueta.navigation.lateration,PROMedSRobustLateration2DSolver,12,322,1,19,4,85,1,37,0,28
com.irurueta:irurueta-navigation,com.irurueta.navigation.lateration,RANSACRobustLateration2DSolver,12,272,0,20,4,57,0,28,0,18
com.irurueta:irurueta-navigation,com.irurueta.navigation.lateration,PROSACRobustLateration3DSolver,12,489,1,31,4,98,1,47,0,32
com.irurueta:irurueta-navigation,com.irurueta.navigation.lateration,RobustLaterationSolver,0,529,2,60,0,128,2,72,0,43
com.irurueta:irurueta-navigation,com.irurueta.navigation.lateration,LaterationSolver,0,152,3,23,0,41,3,24,0,14
com.irurueta:irurueta-navigation,com.irurueta.navigation.lateration,LMedSRobustLateration2DSolver,12,162,0,8,4,43,0,18,0,14
com.irurueta:irurueta-navigation,com.irurueta.navigation.lateration,MSACRobustLateration2DSolver,12,162,0,8,4,43,0,18,0,14
com.irurueta:irurueta-navigation,com.irurueta.navigation.lateration,NonLinearLeastSquaresLaterationSolver.new LevenbergMarquardtMultiDimensionFunctionEvaluator() {...},0,120,0,10,0,22,0,9,0,4
com.irurueta:irurueta-navigation,com.irurueta.navigation.lateration,NonLinearLeastSquaresLateration3DSolver,0,315,0,26,0,93,0,41,0,28
com.irurueta:irurueta-navigation,com.irurueta.navigation.lateration,LMedSRobustLateration3DSolver.new LMedSRobustEstimatorListener() {...},0,87,4,4,0,19,4,10,0,10
com.irurueta:irurueta-navigation,com.irurueta.navigation.lateration,RANSACRobustLateration3DSolver,12,272,0,20,4,57,0,28,0,18
com.irurueta:irurueta-navigation,com.irurueta.navigation.lateration,RANSACRobustLateration3DSolver.new RANSACRobustEstimatorListener() {...},0,91,4,4,0,20,4,11,0,11
com.irurueta:irurueta-navigation,com.irurueta.navigation.lateration,InhomogeneousLinearLeastSquaresLateration3DSolver,0,144,0,14,0,41,0,19,0,12
com.irurueta:irurueta-navigation,com.irurueta.navigation.inertial.estimators,ECIGravitationEstimator,0,200,0,2,0,40,0,19,0,18
com.irurueta:irurueta-navigation,com.irurueta.navigation.inertial.estimators,NEDKinematicsEstimator,85,2790,2,10,18,480,10,185,8,181
com.irurueta:irurueta-navigation,com.irurueta.navigation.inertial.estimators,ECIKinematicsEstimator,2,1175,2,10,1,208,2,61,0,57
com.irurueta:irurueta-navigation,com.irurueta.navigation.inertial.estimators,ECEFGravityEstimator,0,208,0,2,0,45,0,19,0,18
com.irurueta:irurueta-navigation,com.irurueta.navigation.inertial.estimators,RadiiOfCurvatureEstimator,0,77,0,0,0,22,0,9,0,9
com.irurueta:irurueta-navigation,com.irurueta.navigation.inertial.estimators,NEDVelocityEstimator,0,1138,0,2,0,213,0,94,0,93
com.irurueta:irurueta-navigation,com.irurueta.navigation.inertial.estimators,NEDPositionEstimator,0,1027,0,2,0,179,0,78,0,77
com.irurueta:irurueta-navigation,com.irurueta.navigation.inertial.estimators,ECEFKinematicsEstimator,2,1845,2,10,1,322,2,109,0,105
com.irurueta:irurueta-navigation,com.irurueta.navigation.inertial.estimators,NEDGravityEstimator,0,175,0,0,0,41,0,19,0,19
com.irurueta:irurueta-navigation,com.irurueta.navigation.frames,NEDFrame,3,929,6,22,2,248,6,96,0,88
com.irurueta:irurueta-navigation,com.irurueta.navigation.frames,CoordinateTransformation,31,1234,6,32,22,313,6,100,0,87
com.irurueta:irurueta-navigation,com.irurueta.navigation.frames,FrameType,0,54,0,0,0,6,0,1,0,1
com.irurueta:irurueta-navigation,com.irurueta.navigation.frames,ECIorECEFFrame,3,560,6,10,2,130,6,54,0,52
com.irurueta:irurueta-navigation,com.irurueta.navigation.frames,ECEFFrame,0,449,0,12,0,140,0,53,0,47
com.irurueta:irurueta-navigation,com.irurueta.navigation.frames,FrameException,0,16,0,0,0,8,0,4,0,4
com.irurueta:irurueta-navigation,com.irurueta.navigation.frames,ECIFrame,0,266,0,12,0,84,0,33,0,27
com.irurueta:irurueta-navigation,com.irurueta.navigation.frames,InvalidSourceAndDestinationFrameTypeException,0,16,0,0,0,8,0,4,0,4
